(no author) = Unknown User <cvs@svn.icu-project.org>
abhinavg = Abhinav Gupta <mail@abhinavg.net>
agousev = Alexey Gousev <agousev@svn.icu-project.org>
aheninger = Andy Heninger <andy.heninger@gmail.com>
aheninger-oss = Andy Heninger <andy.heninger@gmail.com>
ajmacher = Andrew J Macheret <ajmacher@svn.icu-project.org>
alan = Alan Liu <alansliu@gmail.com>
Alan = Alan Liu <alansliu@gmail.com>
alan4j = Alan Liu <alansliu@gmail.com>
angshuman = Angshuman Deb <angshuman@svn.icu-project.org>
Angshuman Deb = Angshuman Deb <angshuman@svn.icu-project.org>
bbuck-oss = Bob Buck <bbuck-oss@svn.icu-project.org>
bdrower = Brian Rower <bdrower@svn.icu-project.org>
bing.long = Bing Long <bing.long@svn.icu-project.org>
bpmurray = Brendan Murray <brendanpmurray@gmail.com>
ccornelius = Craig Cornelius <ccornelius@google.com>
claireho = Claire Ho <chinglanho@gmail.com>
cvs = Unknown User <cvs@svn.icu-project.org>
dbertoni = David Bertoni <dbertoni@svn.icu-project.org>
dbesevic = Dragan Besevic <chonbey@hotmail.com>
doug = Doug Felt <dougfelt@gmail.com>
dougfelt = Doug Felt <dougfelt@gmail.com>
dougfelt-oss = Doug Felt <dougfelt@gmail.com>
dsayed = Dina Sayed <dsayed@svn.icu-project.org>
dsengup = Debabrata Sengupta <dsengup@svn.icu-project.org>
eldawy = Mohamed Eldawy <eldawy@google.com>
emader = Eric Mader <emader@svn.icu-project.org>
emader-oss = Eric Mader <emader@svn.icu-project.org>
emmons = John Emmons <emmo@us.ibm.com>
fabalbon = Felipe Balbontín <fabalbon@google.com>
gclsh1 = GCL Shanghai <gclsh1@svn.icu-project.org>
gclsh1-oss = GCL Shanghai <gclsh1@svn.icu-project.org>
goldsmit = Deborah Goldsmith <goldsmit@apple.com>
goldsmith-oss = Deborah Goldsmith <goldsmit@apple.com>
grhoten = George Rhoten <grhoten@users.noreply.github.com>
grhoten-oss = George Rhoten <grhoten@users.noreply.github.com>
heninger = Andy Heninger <andy.heninger@gmail.com>
hshih = Helena Chapman <hshih@svn.icu-project.org>
icuhtml = Unknown User <cvs@svn.icu-project.org>
jali01 = Jonathan Lai <jali01@svn.icu-project.org>
jchye = Jennifer Chye <jchye@users.noreply.github.com>
jieyang = Jie J. Yang <jieyang@svn.icu-project.org>
jinglun = Jinglun Li <jinglun@svn.icu-project.org>
johnf = John Fitzpatrick <johnf@svn.icu-project.org>
johnvu = John Vu <j.vu@live.com>
jsnydergrant = Jim Snyder Grant <jsnydergrant@svn.icu-project.org>
jspieth = Jason Spieth <jspieth@svn.icu-project.org>
jungshik = Jungshik Shin <jshin@chromium.org>
kazede = kazède king <kazede@google.com>
Kedar Rajwade = Kedar Rajwade <kedar.rajwade@gmail.com>
kirtig = Kirti Velankar <kirtig@svn.icu-project.org>
krajwade = Kedar Rajwade <kedar.rajwade@gmail.com>
ldhonomi = Lloyd Honomichl <ldhonomi@svn.icu-project.org>
liu = Alan Liu <alansliu@gmail.com>
lwerner = Laura Werner <laura@lwerner.org>
macchiat = Mark Davis <mark@macchiato.com>
macchiato-oss = Mark Davis <mark@macchiato.com>
madhu = Madhu K <madhu@svn.icu-project.org>
maf = Michael Fairley <maf@svn.icu-project.org>
markdavis = Mark Davis <mark@macchiato.com>
mati = Matitiahu Allouche <matitiahu.allouche@gmail.com>
mati-oss = Matitiahu Allouche <matitiahu.allouche@gmail.com>
mdavis = Mark Davis <mark@macchiato.com>
Michael Ow = Michael Ow <mow@svn.icu-project.org>
MIchael Ow = Michael Ow <mow@svn.icu-project.org>
mike42 = Michael Peterson <mike42@svn.icu-project.org>
mishonok = Michael Grady <mishonok@svn.icu-project.org>
Mohan = Mohan <mohan-oss@svn.icu-project.org>
mohan-oss = Mohan <mohan-oss@svn.icu-project.org>
mow = Michael Ow <mow@svn.icu-project.org>
mserrano = Maxime Serrano <mserrano@svn.icu-project.org>
norbert = Norbert Lindenberg <norbert@svn.icu-project.org>
pbenjamin-oss = Philips Benjamin <pbenjamin-oss@svn.icu-project.org>
pedberg = Peter Edberg <pedberg@unicode.org>
ram = Ram Viswanadha <rviswanadha@gmail.com>
Ram = Ram Viswanadha <rviswanadha@gmail.com>
ramj = Ram Viswanadha <rviswanadha@gmail.com>
ramv = Ram Viswanadha <rviswanadha@gmail.com>
ramys = Ramy Said <ramys@svn.icu-project.org>
rgillam = Richard Gillam <rgillam@svn.icu-project.org>
root = Unknown User <cvs@svn.icu-project.org>
roozbeh = Roozbeh Pournader <roozbeh@svn.icu-project.org>
roubert = Fredrik Roubert <roubert@google.com>
rviswanadha = Ram Viswanadha <rviswanadha@gmail.com>
sbooth = Stephen Booth <me@sbooth.org>
schererm = Markus Scherer <markus.icu@gmail.com>
scott = Scott Russell <DTownSMR@gmail.com>
scott_russell = Scott Russell <DTownSMR@gmail.com>
sgill = Stuart Gill <sgill@svn.icu-project.org>
shaopengjia = Shaopeng Jia <jia.shao.peng@gmail.com>
srl = Steven R. Loomis <srl@icu-project.org>
swquek = Syn Wee Quek <swquek@svn.icu-project.org>
swquek-oss = Syn Wee Quek <swquek@svn.icu-project.org>
tkeep = Travis Keep <keep94@gmail.com>
tomzhang = Tom Zhang <tomzhang@svn.icu-project.org>
umesh = Umesh Nair <umesh.p.nair@gmail.com>
waleed = Waleed Oransa <waleed@svn.icu-project.org>
weiv = Vladimir Weinstein <icu@weivsara.com>
weiv-oss = Vladimir Weinstein <icu@weivsara.com>
wmason = Will Mason <willchido@gmail.com>
wyick = Winnie Yick <wyick@svn.icu-project.org>
xji = Xiaomei Ji <xji@google.com>
yoshito = Yoshito Umaoka <y.umaoka@gmail.com>
yves = Yves Arrouye <yves@svn.icu-project.org>
yves-oss = Yves Arrouye <yves@svn.icu-project.org>
zhou = YuQian Zhou <zhou@svn.icu-project.org>
shane = Shane Carr <shane@unicode.org>
nrunge = Norbert Runge <nrunge@google.com>
lkemmel = Lina Kemmel <lkemmel@il.ibm.com>
jefgen = Jeff Genovy <29107334+jefgen@users.noreply.github.com>
shawnste = Shawn Steele <Shawn.Steele@microsoft.com>
jugu = Jugu Dannie Sundar <jugu.87@gmail.com>
mingyzha = William Zhao <mingyzha@microsoft.com>
