(no name) = Unknown <unknown@svn.unicode.org>
agustin = Agustin Da Fieno Delucchi <agustin@svn.unicode.org>
aheninger-oss = Andy Heninger <andy.heninger@gmail.com>
alex = Alexey Pychenkov <alex@svn.unicode.org>
anthony = anthony <anthony@svn.unicode.org>
bdrower = Brian Rower <bdrower@svn.unicode.org>
beng = Ben Hamilton <beng@svn.unicode.org>
ccorn = ccorn <ccorn@svn.unicode.org>
chrish = Chris Hansten <chrish@svn.unicode.org>
cibu = Cibu Johny <cibu@svn.unicode.org>
claire = Claire Ho <claire@svn.unicode.org>
dbertoni = David Bertoni <dbertoni@svn.unicode.org>
diab = Joey Diab <diab@svn.unicode.org>
dima = dima <dima@svn.unicode.org>
dongyuan = Dongyuan Liu <dongyuan@svn.unicode.org>
dougfelt = Doug Felt <dougfelt@svn.unicode.org>
emader-oss = Eric Mader <emader-oss@svn.unicode.org>
emmons = John Emmons <emmons@svn.unicode.org>
emmons-oss = John Emmons <emmons-oss@svn.unicode.org>
ermader = Eric Mader <ermader@svn.unicode.org>
fredrik = fredrik <fredrik@svn.unicode.org>
goldsmit = Deborah Goldsmith <goldsmit@apple.com>
goldsmith-oss = Deborah Goldsmith <goldsmit@apple.com>
gregsla = Greg Slayden <gregsla@svn.unicode.org>
grhoten = George Rhoten <grhoten@svn.unicode.org>
grhoten-oss = grhoten-oss <grhoten-oss@svn.unicode.org>
heninger = Andy Heninger <andy.heninger@gmail.com>
jakarta = Unknown <unknown@svn.unicode.org>
jali01 = Jonathan Lai <jali01@svn.unicode.org>
jchye = Jennifer Chye <jchye@svn.unicode.org>
jefgen = Jeff Genovy <Jeff.Genovy@microsoft.com>
jlana = Jan Lana <jlana@svn.unicode.org>
jungshik = Jungshik Shin <jungshik@svn.unicode.org>
kazede = Kazede King <kazede@svn.unicode.org>
khjeong = Keumhee Jeong <khjeong@svn.unicode.org>
kirill = Kirill Buryak <kirill@svn.unicode.org>
kristi = kristi <kristi@svn.unicode.org>
macchiato-oss = macchiato-oss <mark@macchiato.com>
magdapro = magdapro <magdapro@svn.unicode.org>
markdavis = markdavis <mark@macchiato.com>
mdavis = mdavis <mark@macchiato.com>
mihnita = Mihai Nita <mihnita@svn.unicode.org>
mow = Michael Ow <mow@svn.unicode.org>
mraymond = Martin Raymond <mraymond@svn.unicode.org>
mtardif = Mike Tardif <mtardif@svn.unicode.org>
norbert = Norbert ? <norbert@svn.unicode.org>
nrunge = Norbert Runge <nrunge@svn.unicode.org>
parth = Parth Gaglani <parth@svn.unicode.org>
pedberg = Peter Edberg <pedberg@svn.unicode.org>
pnugent = pnugent <pnugent@svn.unicode.org>
pwauquier = Pierrick Wauquier <pwauquier@svn.unicode.org>
ramv = Raghuram Viswanadha <ramv@svn.unicode.org>
ribnitz = ribnitz <ribnitz@svn.unicode.org>
rick = Rick McGowan <rick@svn.unicode.org>
ricksvn = Rick McGowan <ricksvn@svn.unicode.org>
root = Unknown <unknown@svn.unicode.org>
roozbeh = Roozbeh Pournader <roozbeh@svn.unicode.org>
rviswanadha = Raghuram Viswanadha <rviswanadha@svn.unicode.org>
rwainman = R Wainman <rwainman@svn.unicode.org>
ryan = ryan <ryan@svn.unicode.org>
sascha = Sascha Brawer <sascha@svn.unicode.org>
sbyaala = Salem Ben Yaala <sbyaala@svn.unicode.org>
scherer = Markus Scherer <markus.icu@gmail.com>
shane = Shane Carr <sffc@google.com>
shawn = Shawn Steele <Shawn.Steele@microsoft.com>
shervin = Shervin Afshar <shervin@svn.unicode.org>
simon = Simon Minnis <simon@svn.unicode.org>
spieth = Jason Spieth <spieth@svn.unicode.org>
srl = Steven R. Loomis <srl@icu-project.org>
srloomis = Steven R. Loomis <srl@icu-project.org>
tomzhang = Tom Zhang <tomzhang@svn.unicode.org>
travis = Travis Keep <travis@svn.unicode.org>
trisha = Trisha Faulkner <trisha@svn.unicode.org>
umesh = Umesh Nair <umesh@svn.unicode.org>
vpour = Vahid Pourlotfali <vpour@svn.unicode.org>
vweinste = Vladimir Weinstein <vweinste@svn.unicode.org>
weiv-oss = Vladimir Weinstein <weiv-oss@svn.unicode.org>
xianming = Xianming Wu <xianming@svn.unicode.org>
xiaomei = Xiaomei Ji <xiaomei@svn.unicode.org>
yoshito = Yoshito Umaoka <yoshito@svn.unicode.org>
